publisher,unit,unit_theme,key_expression,example_sentence
YBM(김),1,,,
,2,,,
,3,,,
,4,,,
,5,,,
,6,,,
,7,,,
,8,,,
,9,,,
,10,,,
YBM(최),1,,,
,2,,,
,3,,,
,4,,,
,5,,,
,6,,,
,7,,,
,8,,,
,9,,,
,10,,,
동아,1,,,
,2,,,
,3,,,
,4,,,
,5,,,
,6,,,
,7,,,
,8,,,
,9,,,
,10,,,
미래엔(강),1,,,
,2,,,
,3,,,
,4,,,
,5,,,
,6,,,
,7,,,
,8,,,
,9,,,
,10,,,
아이스크림(박),1,,,
,2,,,
,3,,,
,4,,,
,5,,,
,6,,,
,7,,,
,8,,,
,9,,,
,10,,,
천재(김),1,,,
,2,,,
,3,,,
,4,,,
,5,,,
,6,,,
,7,,,
,8,,,
,9,,,
,10,,,
천재(이),1,,,
,2,,,
,3,,,
,4,,,
,5,,,
,6,,,
,7,,,
,8,,,
,9,,,
,10,,,
천재(함),1,,,
,2,,,
,3,,,
,4,,,
,5,,,
,6,,,
,7,,,
,8,,,
,9,,,
,10,,,
